﻿Designator,Footprint,Quantity,Value,LCSC Part #
BT1,PinHeader_1x02_P2.54mm_Vertical,1,Battery,
"C1, C4, C5",0805,3,0.1u,
"C2, C3",0805,2,22p,
"D1, D2",0805,2,LED,
"J1, J3",PinHeader_1x04_P2.54mm_Vertical,2,Conn_01x04_Pin,
J2,PinHeader_1x09_P2.54mm_Vertical,1,Conn_01x09_Pin,
J4,PinHeader_2x03_P2.54mm_Vertical,1,Conn_02x03_Odd_Even,
"R1, R2, R6",0805,3,10K,
"R3, R4",0805,2,4K7,
"R5, R7",0805,2,330,
"U1, U3",SOIC-8_5.3x5.3mm_P1.27mm,2,24LC1025,
U2,SOIC127P600X175-8N,1,DS1337S_,
U4,QFP80P900X900X120-32N,1,ATMEGA328P-AU,
Y1,Crystal_SMD_5032-2Pin_5.0x3.2mm_HandSoldering,1,32.768 KHz,
Y2,Crystal_SMD_5032-2Pin_5.0x3.2mm_HandSoldering,1,16 MHz,
