﻿Designator,Footprint,Quantity,Value,LCSC Part #
C1,0805,1,"4.7uF, 50V, X7R",
C2,1206,1,"22uF, 10V, X7R",
C3,0805,1,"10pF, 50V, X7R",
"D1, D2",DIOM4325X250N,2,SS14,
"J1, J2, J4",PinHeader_1x02_P2.54mm_Horizontal,3,Conn_01x02_Pin,
J3,SW_DIP_SPSTx01_Slide_9.78x4.72mm_W7.62mm_P2.54mm,1,Conn_01x02_Pin,
L1,IND_ASPI-0630LR_ABR,1,ASPI-0630LR-100M-T15,
Q1,SOT-23-3,1,2N7002,2N7002
"R1, R4",0805,2,1 MOhm,
R2,0805,1,"604 kOhm, 1%",
R3,0805,1,10 kOhm,
U1,SOT23-5_1P55X2P9_DIO,1,AP3015AKTR-G1,
